Datetime,Water Level (m)
2025-04-19 18:00:00,0.15409082
2025-04-19 19:00:00,0.13293833
2025-04-19 20:00:00,0.09252873
2025-04-19 21:00:00,0.03359547
2025-04-19 22:00:00,-0.02267248
2025-04-19 23:00:00,-0.047565673
2025-04-20 00:00:00,-0.040622495
2025-04-20 01:00:00,-0.021311319
2025-04-20 02:00:00,0.0015529504
2025-04-20 03:00:00,0.024042228
2025-04-20 04:00:00,0.04766401
2025-04-20 05:00:00,0.05413957
2025-04-20 06:00:00,0.046286628
2025-04-20 07:00:00,0.02448413
2025-04-20 08:00:00,-0.013481242
2025-04-20 09:00:00,-0.065625824
2025-04-20 10:00:00,-0.11331134
2025-04-20 11:00:00,-0.12890354
2025-04-20 12:00:00,-0.10260837
2025-04-20 13:00:00,-0.061910145
2025-04-20 14:00:00,-0.013132314
2025-04-20 15:00:00,0.048677817
2025-04-20 16:00:00,0.11957911
2025-04-20 17:00:00,0.16987342
2025-04-20 18:00:00,0.19606088
2025-04-20 19:00:00,0.20156507
2025-04-20 20:00:00,0.18897185
2025-04-20 21:00:00,0.15196727
2025-04-20 22:00:00,0.09563539
2025-04-20 23:00:00,0.03760787
2025-04-21 00:00:00,-0.0031360562
2025-04-21 01:00:00,-0.02024795
2025-04-21 02:00:00,-0.017622726
2025-04-21 03:00:00,-0.0053507364
2025-04-21 04:00:00,0.01110332
2025-04-21 05:00:00,0.028104052
2025-04-21 06:00:00,0.042683344
2025-04-21 07:00:00,0.04353753
2025-04-21 08:00:00,0.033625685
2025-04-21 09:00:00,0.009066018
2025-04-21 10:00:00,-0.02794742
2025-04-21 11:00:00,-0.066626444
2025-04-21 12:00:00,-0.08436132
2025-04-21 13:00:00,-0.06984762
2025-04-21 14:00:00,-0.04076254
2025-04-21 15:00:00,-0.0018547531
2025-04-21 16:00:00,0.045431018
2025-04-21 17:00:00,0.11089292
2025-04-21 18:00:00,0.16840997
2025-04-21 19:00:00,0.20387638
2025-04-21 20:00:00,0.21793453
2025-04-21 21:00:00,0.21335721
2025-04-21 22:00:00,0.18600474
2025-04-21 23:00:00,0.13666707
2025-04-22 00:00:00,0.076223165
2025-04-22 01:00:00,0.024517225
2025-04-22 02:00:00,-0.0048806965
2025-04-22 03:00:00,-0.00784074
2025-04-22 04:00:00,0.0047685904
2025-04-22 05:00:00,0.023164283
2025-04-22 06:00:00,0.04486313
2025-04-22 07:00:00,0.072875395
2025-04-22 08:00:00,0.08968089
2025-04-22 09:00:00,0.09002044
2025-04-22 10:00:00,0.0771349
2025-04-22 11:00:00,0.049243797
2025-04-22 12:00:00,0.0072545665
2025-04-22 13:00:00,-0.0324672
2025-04-22 14:00:00,-0.04762332
2025-04-22 15:00:00,-0.027598524
2025-04-22 16:00:00,0.011358168
2025-04-22 17:00:00,0.06210047
2025-04-22 18:00:00,0.123985805
2025-04-22 19:00:00,0.19448356
2025-04-22 20:00:00,0.2459028
2025-04-22 21:00:00,0.2703355
2025-04-22 22:00:00,0.27177274
2025-04-22 23:00:00,0.25314042
2025-04-23 00:00:00,0.20930193
2025-04-23 01:00:00,0.14596488
2025-04-23 02:00:00,0.080134206
2025-04-23 03:00:00,0.03434349
2025-04-23 04:00:00,0.029135153
2025-04-23 05:00:00,0.056493443
2025-04-23 06:00:00,0.10023369
2025-04-23 07:00:00,0.14843269
2025-04-23 08:00:00,0.20341513
2025-04-23 09:00:00,0.24866052
2025-04-23 10:00:00,0.26531878
2025-04-23 11:00:00,0.2603868
2025-04-23 12:00:00,0.2352779
2025-04-23 13:00:00,0.18881029
2025-04-23 14:00:00,0.12982062
2025-04-23 15:00:00,0.08659831
2025-04-23 16:00:00,0.08976084
2025-04-23 17:00:00,0.13408908
2025-04-23 18:00:00,0.18732928
2025-04-23 19:00:00,0.2519593
2025-04-23 20:00:00,0.33291492
2025-04-23 21:00:00,0.40141848
2025-04-23 22:00:00,0.43322423
2025-04-23 23:00:00,0.43520164
2025-04-24 00:00:00,0.4135386
2025-04-24 01:00:00,0.3658056
2025-04-24 02:00:00,0.2924581
2025-04-24 03:00:00,0.2133678
2025-04-24 04:00:00,0.15338145
2025-04-24 05:00:00,0.14678596
2025-04-24 06:00:00,0.18440905
2025-04-24 07:00:00,0.24451558
2025-04-24 08:00:00,0.30826634
2025-04-24 09:00:00,0.38291016
2025-04-24 10:00:00,0.4352764
2025-04-24 11:00:00,0.44874847
2025-04-24 12:00:00,0.4385762
2025-04-24 13:00:00,0.40486374
2025-04-24 14:00:00,0.34418693
2025-04-24 15:00:00,0.26732796
2025-04-24 16:00:00,0.20098177
2025-04-24 17:00:00,0.1857276
2025-04-24 18:00:00,0.22580327
2025-04-24 19:00:00,0.28958556
2025-04-24 20:00:00,0.35981628
2025-04-24 21:00:00,0.44007653
2025-04-24 22:00:00,0.5036249
2025-04-24 23:00:00,0.52268755
2025-04-25 00:00:00,0.5150868
2025-04-25 01:00:00,0.48277608
2025-04-25 02:00:00,0.418528
2025-04-25 03:00:00,0.33420938
2025-04-25 04:00:00,0.2529168
2025-04-25 05:00:00,0.19488162
2025-04-25 06:00:00,0.20081633
2025-04-25 07:00:00,0.25967658
2025-04-25 08:00:00,0.33429402
2025-04-25 09:00:00,0.41181344
2025-04-25 10:00:00,0.49993792
2025-04-25 11:00:00,0.5467759
2025-04-25 12:00:00,0.5535221
2025-04-25 13:00:00,0.535173
2025-04-25 14:00:00,0.48845243
2025-04-25 15:00:00,0.41355088
2025-04-25 16:00:00,0.32612324
2025-04-25 17:00:00,0.257885
2025-04-25 18:00:00,0.24568938
